,customer_id,monthly_charges,tenure,total_charges
0,0016-QLJIS,90.45,65,5957.9
1,0017-DINOC,45.2,54,2460.55
2,0019-GFNTW,45.05,56,2560.1
3,0056-EPFBG,39.4,20,825.4
4,0078-XZMHT,85.15,72,6316.2
5,0114-IGABW,58.25,71,4145.9
6,0123-CRBRT,88.1,61,5526.75
7,0191-EQUUH,35.05,25,844.45
8,0214-JHPFW,57.8,70,4039.3
9,0229-LFJAF,69.65,72,4908.25
10,0230-WEQUW,56.6,66,3789.2
11,0238-WHBIQ,89.7,72,6339.3
12,0244-LGNFY,92.65,72,6733
13,0253-ZTEOB,79.65,48,3870.3
14,0263-FJTQO,70.5,50,3486.65
15,0270-THENM,69.85,72,5102.35
16,0277-ORXQS,50.55,66,3364.55
17,0298-XACET,50.2,52,2554
18,0301-FIDRB,63.8,72,4684.3
19,0336-KXKFK,61.2,72,4390.25
20,0336-PIKEI,74.4,72,5360.75
21,0343-QLUZP,39.6,60,2424.5
22,0361-HJRDX,64.35,68,4539.6
23,0363-SVHYR,86.85,71,6263.8
24,0379-DJQHR,81.35,67,5398.6
25,0383-CLDDA,85.35,69,5897.4
26,0412-UCCNP,59.2,55,3175.85
27,0420-TXVSG,66.1,66,4428.45
28,0436-TWFFZ,85.25,67,5714.2
29,0440-EKDCF,60.15,62,3753.2
30,0455-ENTCR,85.25,66,5538.35
31,0458-HEUZG,35.4,13,450.4
32,0459-SPZHJ,83.5,63,5435
33,0487-CRLZF,74.45,49,3721.9
34,0513-RBGPE,62.8,37,2278.75
35,0526-SXDJP,42.1,72,2962
36,0531-XBKMM,65.7,66,4378.9
37,0536-ESJEP,74.55,54,4191.45
38,0556-FJEGU,70.1,58,4048.95
39,0562-FGDCR,74.55,72,5430.65
40,0562-KBDVM,44.6,70,3058.15
41,0567-XRHCU,43.95,69,2960.1
42,0602-DDUML,69.75,57,3894.4
43,0604-THJFP,75.95,59,4542.35
44,0617-AQNWT,47.85,64,3147.5
45,0621-JFHOL,29.6,10,299.05
46,0674-GCDXG,71.9,63,4479.2
47,0707-HOVVN,75.5,70,5212.65
48,0730-BGQGF,90.3,71,6287.3
49,0739-UUAJR,53.8,72,3952.45
50,0744-BIKKF,86.65,72,6224.8
51,0757-WCUUZ,63.35,54,3409.1
52,0769-MURVM,65.7,72,4575.35
53,0771-CHWSK,74.6,66,4798.4
54,0774-RMNUW,59.7,71,4122.65
55,0795-LAFGP,90.4,71,6668.05
56,0813-TAXXS,77.8,55,4323.35
57,0839-JTCUD,89.9,66,5958.85
58,0848-SOMKO,48.4,70,3442.8
59,0885-HMGPY,69.4,62,4237.5
60,0895-UADGO,44.55,8,343.45
61,0909-SELIE,80.8,61,4860.85
62,0916-KNFAJ,69.9,61,4226.7
63,0942-KOWSM,80.8,30,2369.3
64,0945-TSONX,85.3,47,4107.25
65,0973-KYVNF,70.65,72,5011.15
66,0979-MOZQI,39.0,62,2337.45
67,0988-AADSA,80.85,72,5824.75
68,1023-BQXZE,74.35,57,4317.35
69,1027-LKKQQ,80.45,72,5886.85
70,1084-MNSMJ,85.5,51,4421.95
71,1088-AUUZZ,75.85,56,4261.2
72,1116-FRYVH,39.4,48,1978.65
73,1139-WUOAH,53.35,57,3090.05
74,1172-VIYBP,69.7,53,3686.05
75,1187-WILMM,89.4,63,5597.65
76,1194-BHJYC,62.15,61,3778.85
77,1209-VFFOC,56.4,68,3948.45
78,1221-GHZEP,65.1,62,3846.75
79,1227-UDMZR,91.15,72,6637.9
80,1265-BCFEO,80.45,71,5662.25
81,1265-ZFOSD,81.3,64,5129.3
82,1266-NZYUI,66.85,72,4758.8
83,1271-UODNO,53.85,39,2200.7
84,1335-MXCSE,55.25,55,3119.9
85,1371-DWPAZ,56.05,0, 
86,1431-AIDJQ,82.1,33,2603.1
87,1459-QNFQT,59.5,70,4144.8
88,1498-NHTLT,86.75,59,5186
89,1506-YJTYT,73.85,45,3371
90,1525-LNLOJ,63.3,66,4189.7
91,1568-BEKZM,90.05,70,6333.4
92,1568-LJSZU,92.2,68,6392.85
93,1642-HMARX,91.7,68,6424.7
94,1676-MQAOA,75.1,72,5336.35
95,1699-UOTXU,61.4,60,3638.25
96,1716-LSAMB,54.65,45,2553.7
97,1775-KWJKQ,89.85,72,6562.9
98,1814-WFGVS,48.9,72,3527
99,1821-BUCWY,55.65,30,1653.85
100,1837-YQUCE,58.35,70,4214.25
101,1897-OKVMW,90.6,64,5817.45
102,1904-WAJAA,64.35,24,1558.65
103,1936-CZAKF,49.65,49,2409.9
104,1951-IEYXM,90.6,72,6441.85
105,1960-UOTYM,79.2,52,4016.3
106,1971-DTCZB,90.95,72,6468.6
107,1972-XMUWV,59.8,65,3808.2
108,2000-DHJUY,92.2,70,6474.45
109,2040-LDIWQ,84.2,65,5324.5
110,2077-DDHJK,70.9,68,4911.35
111,2088-IEBAU,88.15,68,6148.45
112,2091-GPPIQ,78.95,72,5730.15
113,2123-VSCOT,72.1,59,4194.85
114,2126-GSEGL,84.8,70,5917.55
115,2160-GPFXD,65.65,54,3566.7
116,2162-FRZAA,39.35,63,2395.05
117,2167-FQSTQ,92.4,72,6786.1
118,2176-LVPNX,89.85,71,6293.45
119,2176-OSJUV,65.15,71,4681.75
120,2192-CKRLV,49.2,72,3580.95
121,2192-OZITF,73.55,45,3349.1
122,2194-IIQOF,89.3,71,6388.65
123,2197-OMWGI,53.0,68,3656.25
124,2200-DSAAL,80.65,68,5330.2
125,2211-RMNHO,85.3,68,5560
126,2226-ICFDO,85.9,72,6110.75
127,2234-EOFPT,79.35,72,5753.25
128,2235-EZAIK,79.2,72,5401.9
129,2245-ADZFJ,80.55,31,2471.6
130,2251-PYLPB,79.55,72,5810.9
131,2252-NKNSI,85.15,52,4461.85
132,2253-KPMNB,46.25,69,3121.4
133,2256-YLYLP,72.95,68,4953.25
134,2274-XUATA,63.1,72,4685.55
135,2296-DKZFP,71.0,65,4386.2
136,2302-OUZXB,82.15,72,5784.3
137,2314-TNDJQ,55.65,72,3880.05
138,2335-GSODA,40.1,23,857.75
139,2351-BKRZW,75.2,43,3254.35
140,2378-YIZKA,85.0,68,5607.75
141,2400-XIWIO,90.1,71,6310.9
142,2404-JIBFC,85.1,55,4657.95
143,2451-YMUXS,64.55,67,4250.1
144,2498-XLDZR,73.6,32,2316.85
145,2516-XSJKX,78.45,41,3126.45
146,2535-PBCGC,64.55,70,4504.9
147,2580-ASVVY,45.4,37,1593.1
148,2612-PHGOX,76.1,64,4818.8
149,2649-HWLYB,76.15,65,4929.55
150,2661-GKBTK,76.95,60,4543.95
151,2676-SSLTO,66.15,49,3199
152,2710-WYVXG,71.1,3,213.35
153,2725-TTRIQ,84.2,72,5986.55
154,2753-JMMCV,74.2,65,4805.65
155,2773-MADBQ,53.1,36,1901.25
156,2775-SEFEE,61.9,0, 
157,2824-DXNKN,71.45,72,5025.85
158,2845-KDHVX,68.3,64,4378.8
159,2863-IMQDR,89.65,61,5308.7
160,2882-WDTBA,75.75,69,5388.15
161,2885-HIJDH,86.9,69,6194.1
162,2925-VDZHY,88.7,72,6501.35
163,2933-XEUJM,79.2,46,3593.8
164,2954-PIBKO,64.15,69,4254.1
165,2977-CEBSX,90.05,66,5965.95
166,2987-BJXIK,84.7,70,5991.05
167,2990-IAJSV,92.0,72,6632.75
168,2990-OGYTD,86.15,67,5883.85
169,2996-XAUVF,40.05,70,2799.75
170,2999-AANRQ,71.05,21,1524.85
171,3050-RLLXC,81.25,56,4620.4
172,3057-VJJQE,55.25,35,1924.1
173,3071-MVJCD,82.3,72,5815.15
174,3082-YVEKW,77.15,23,1759.4
175,3084-DOWLE,92.0,72,6474.4
176,3108-PCCGG,84.45,72,5899.85
177,3146-MSEGF,88.05,72,6425.65
178,3166-PNEOF,86.45,61,5175.3
179,3174-AKMAS,64.2,46,3009.5
180,3200-MNQTF,70.9,67,4677.1
181,3219-JQRSL,89.1,72,6352.4
182,3227-WLKLI,91.55,65,5963.95
183,3230-IUALN,81.0,45,3533.6
184,3249-VHRIP,43.6,62,2748.7
185,3259-KNMRR,79.75,57,4438.2
186,3259-QMXUN,86.1,58,4890.5
187,3262-EIDHV,84.7,72,5893.9
188,3280-MRDOF,69.1,30,2093.9
189,3298-QEICA,34.6,23,813.45
190,3308-JSGML,64.05,59,3886.85
191,3397-AVTKU,60.0,43,2548.55
192,3398-GCPMU,89.55,72,6448.85
193,3399-BMLVW,60.5,51,3121.45
194,3400-ESFUW,57.55,55,3046.4
195,3410-YOQBQ,79.2,31,2497.2
196,3429-IFLEM,77.35,71,5550.1
197,3470-OBUET,74.0,67,4868.4
198,3474-BAFSJ,57.5,57,3265.95
199,3486-HOOGQ,79.7,70,5743.3
200,3500-NSDOA,70.8,68,4859.95
201,3508-VLHCZ,90.55,71,6239.05
202,3511-BFTJW,38.5,72,2763
203,3512-IZIKN,65.3,70,4759.75
204,3533-UVMOM,70.95,68,4741.45
205,3544-FBCAS,83.6,72,5959.3
206,3557-HTYWR,74.05,47,3496.3
207,3563-SVYLG,62.65,68,4375.8
208,3566-CAAYU,49.85,64,3210.35
209,3569-JFODW,90.95,72,6652.45
210,3635-JBPSG,38.8,15,603
211,3638-VBZTA,86.5,68,5882.75
212,3638-WEABW,59.9,58,3505.1
213,3649-JPUGY,88.6,72,6201.95
214,3654-ARMGP,88.65,61,5321.25
215,3704-IEAXF,53.65,72,3784
216,3720-DBRWL,83.85,51,4307.1
217,3745-HRPHI,54.65,66,3632
218,3779-OSWCF,93.2,71,6506.15
219,3795-GWTRD,75.55,63,4707.85
220,3796-ENZGF,67.25,63,4234.15
221,3813-DHBBB,50.95,67,3521.7
222,3884-UEBXB,36.15,67,2434.45
223,3889-VWBID,82.85,68,5776.45
224,3891-NLXJB,40.55,37,1390.85
225,3902-MIVLE,75.7,63,4676.7
226,3908-MKIMJ,41.95,68,2965.75
227,3911-RSNHI,61.4,71,4310.35
228,3913-FCUUW,70.45,72,5165.7
229,3933-DQPWX,39.7,50,1932.75
230,3938-YFPXD,84.3,72,5997.1
231,3948-KXDUF,68.75,66,4447.55
232,3967-KXAPS,92.3,72,6719.9
233,4006-HKYHO,86.7,63,5309.5
234,4012-YCFAI,61.35,60,3766.2
235,4039-PIMHX,49.8,49,2398.4
236,4075-WKNIU,73.35,0, 
237,4077-HWUYD,87.55,72,6463.15
238,4079-VTGLK,74.85,30,2181.75
239,4079-WWQQQ,65.55,72,4807.45
240,4102-HLENU,65.65,67,4322.85
241,4111-BNXIF,59.55,67,4103.9
242,4115-BNPJY,75.55,29,2054.4
243,4139-DETXS,64.45,72,4528
244,4188-PCPIG,70.35,57,4124.65
245,4194-FJARJ,60.0,54,3273.95
246,4254-QPEDE,66.25,52,3330.1
247,4291-TPNFG,82.3,72,5980.55
248,4293-ETKAP,79.4,65,5071.9
249,4295-YURET,72.6,56,4084.35
250,4304-XUMGI,75.15,50,3822.45
251,4312-GVYNH,49.85,70,3370.2
252,4334-HOWRP,64.95,72,4546
253,4355-HBJHH,79.7,67,5293.4
254,4381-MHQDC,65.0,47,2879.9
255,4472-LVYGI,52.55,0, 
256,4500-HKANN,59.7,23,1414.2
257,4526-RMTLL,76.15,8,645.8
258,4568-KNYWR,63.25,52,3342.45
259,4615-PIVVU,66.5,42,2762.75
260,4648-YPBTM,73.9,53,3958.25
261,4654-ULTTN,74.8,70,5315.8
262,4664-NJCMS,59.55,33,2016.3
263,4671-VJLCL,79.85,63,4861.45
264,4674-HGNUA,89.9,71,6457.15
265,4676-WLUHT,46.2,54,2431.95
266,4701-LKOZD,89.75,70,6367.2
267,4717-GHADL,79.6,50,4024.2
268,4718-WXBGI,91.95,72,6614.9
269,4723-BEGSG,86.65,72,6094.25
270,4737-AQCPU,72.1,72,5016.65
271,4737-HOBAX,79.8,63,5034.05
272,4751-ERMAN,75.4,72,5480.25
273,4782-OSFXZ,82.7,71,5831.2
274,4827-DPADN,83.3,72,6042.7
275,4835-YSJMR,49.8,39,1971.15
276,4837-PZTIC,41.9,47,1875.25
277,4849-PYRLQ,73.25,56,4054.2
278,4854-SSLTN,59.5,2,130.5
279,4859-ZSRDZ,55.5,58,3166.9
280,4872-JCVCA,47.6,71,3377.8
281,4891-NLUBA,61.45,61,3751.15
282,4900-MSOMT,80.2,72,5714.2
283,4915-BFSXL,68.95,70,4858.7
284,4922-CVPDX,73.5,26,1905.7
285,4940-KHCWD,37.7,60,2288.7
286,4967-WPNCF,63.7,72,4464.8
287,4973-MGTON,84.4,71,5969.3
288,4992-LTJNE,55.3,72,3983.6
289,4994-OBRSZ,76.1,14,1054.8
290,5003-XZWWO,84.2,71,5956.85
291,5010-IPEAQ,54.2,67,3623.95
292,5067-WJEUN,54.2,67,3838.2
293,5095-ETBRJ,56.8,55,3112.05
294,5110-CHOPY,53.6,60,3237.05
295,5115-GZDEL,67.2,72,4671.7
296,5117-ZSMHQ,89.9,71,6342.7
297,5126-RCXYW,46.0,54,2424.05
298,5129-HHMZC,86.45,43,3574.5
299,5130-YPIRV,72.0,62,4284.2
300,5135-RDDQL,50.65,63,3221.25
301,5148-ORICT,74.35,64,4759.55
302,5176-OLSKT,66.9,66,4370.25
303,5181-OABFK,61.3,56,3346.8
304,5197-LQXXH,83.3,71,5894.5
305,5208-FVQKB,67.95,70,4664.15
306,5227-JSCFE,46.35,71,3353.4
307,5232-NXPAY,74.45,47,3510.3
308,5248-KWLAR,90.35,71,6325.25
309,5248-RPYWW,90.15,72,6716.45
310,5248-YGIJN,90.25,72,6369.45
311,5256-SKJGO,54.6,64,3423.5
312,5275-PMFUT,64.8,72,4719.75
313,5317-FLPJF,61.35,66,4193.4
314,5318-YKDPV,79.15,43,3566.6
315,5320-BRKGK,75.8,58,4415.75
316,5321-NTRKC,79.85,66,5234.95
317,5327-XOKKY,73.45,72,5329
318,5329-KRDTM,77.35,72,5396.25
319,5338-YHWYT,61.45,37,2302.35
320,5360-XGYAZ,65.65,72,4664.5
321,5377-NDTOU,91.05,71,6293.75
322,5394-MEITZ,80.6,60,4946.7
323,5397-NSKQG,50.9,67,3281.65
324,5456-ITGIC,64.45,72,4641.1
325,5457-COLHT,80.65,69,5542.55
326,5458-CQJTA,74.8,65,4820.15
327,5472-CVMDX,38.9,68,2719.2
328,5485-ITNPC,85.9,66,5595.3
329,5494-WOZRZ,82.0,71,5999.85
330,5583-EJXRD,54.05,44,2375.2
331,5614-DNZCE,64.9,58,3795.45
332,5641-DMBFJ,84.3,58,4916.4
333,5656-MJEFC,48.15,42,2032.3
334,5676-CFLYY,73.35,71,5154.5
335,5680-LQOGP,82.45,68,5646.6
336,5696-JVVQY,70.1,48,3238.4
337,5702-KVQRD,82.55,71,5832.65
338,5707-ZMDJP,69.7,53,3729.6
339,5709-LVOEQ,80.85,0, 
340,5727-MYATE,90.8,72,6397.6
341,5736-YEJAX,79.45,69,5502.55
342,5751-USDBL,81.0,46,3846.35
343,5762-TJXGK,58.75,52,3038.55
344,5766-FTRTS,84.45,72,6033.1
345,5781-RFZRP,73.5,71,5357.75
346,5788-YPOEG,84.75,34,2839.45
347,5792-JALQC,59.85,52,3103.25
348,5803-NQJZO,67.8,72,4804.65
349,5816-JMLGY,80.4,70,5717.85
350,5840-NVDCG,68.25,16,1114.85
351,5846-NEQVZ,70.85,71,4973.4
352,5862-BRIXZ,60.75,46,2893.4
353,5879-HMFFH,88.05,72,6520.8
354,5893-PYOLZ,81.8,56,4534.45
355,5915-ANOEI,79.15,70,5536.5
356,5930-GBIWP,81.5,69,5553.25
357,5980-BDHPY,87.1,72,6230.1
358,5982-PSMKW,91.1,23,2198.3
359,5993-JSUWV,61.15,66,4017.45
360,5996-EBTKM,69.9,67,4615.9
361,5997-OPVFA,89.05,72,6254.45
362,6013-BHCAW,81.0,61,4976.15
363,6023-GSSXW,61.45,69,4131.2
364,6034-ZRYCV,54.2,72,3937.45
365,6064-ZATLR,52.85,27,1498.65
366,6087-YPWHO,68.15,72,4808.7
367,6115-ZTBFQ,65.5,72,4919.7
368,6119-SPUDB,38.25,46,1755.35
369,6120-RJKLU,79.95,62,4819.75
370,6122-EFVKN,35.75,24,830.8
371,6122-LJADA,90.15,70,6237.05
372,6164-HAQTX,53.95,71,3888.65
373,6166-YIPFO,64.7,72,4746.05
374,6169-PGNCD,74.3,57,4166.35
375,6177-PEVRA,55.5,48,2627.35
376,6203-HBZPA,63.9,52,3334.95
377,6248-TKCQV,80.6,70,5460.2
378,6253-GNHWH,71.1,71,5224.95
379,6258-PVZWJ,90.8,68,6302.85
380,6283-GITPX,76.9,71,5522.7
381,6288-CHQJB,69.95,54,3871.85
382,6339-RZCBJ,78.9,48,3771.5
383,6348-SNFUS,55.45,72,4179.2
384,6365-HITVU,87.25,71,6328.7
385,6369-MCAKO,89.05,68,6185.8
386,6371-NZYEG,64.25,16,1024
387,6374-AFWOX,65.65,46,3047.15
388,6384-VMJHP,73.0,72,5265.2
389,6408-WHTEF,89.4,72,6376.55
390,6418-HNFED,83.25,51,4089.45
391,6418-PIQSP,81.0,62,4985.9
392,6427-FEFIG,78.6,24,1846.65
393,6434-TTGJP,53.7,10,521
394,6437-UDQJM,84.1,72,6129.65
395,6439-PKTRR,80.7,70,5617.95
396,6461-SZMCV,87.95,71,6365.35
397,6463-MVYRY,69.85,57,4003
398,6479-VDGRK,85.3,72,6129.2
399,6504-VBLFL,58.6,55,3068.6
400,6505-OZNPG,63.4,6,348.8
401,6516-NKQBO,81.0,38,3084.9
402,6522-OIQSX,54.95,69,3772.5
403,6549-BTYPG,60.8,60,3603.45
404,6559-ILWKJ,49.35,71,3515.25
405,6586-MYGKD,76.95,70,5289.8
406,6603-YRDCJ,61.05,33,2018.4
407,6614-YOLAC,58.65,71,4145.25
408,6625-IUTTT,65.55,67,4361.55
409,6631-HMANX,85.45,72,6227.5
410,6656-GULJQ,83.55,72,6093.3
411,6681-ZSEXG,59.5,56,3389.25
412,6691-CCIHA,84.95,62,5150.55
413,6695-AMZUF,86.45,70,5950.2
414,6695-FRVEC,60.4,67,3953.7
415,6701-DHKWQ,51.35,61,3244.4
416,6701-YVNQG,88.7,72,6301.7
417,6723-CEGQI,45.25,65,2933.95
418,6727-IOTLZ,81.95,14,1181.75
419,6732-VAILE,85.95,70,5931.75
420,6741-QRLUP,80.3,63,4995.35
421,6754-LZUKA,80.9,61,4932.5
422,6762-QVYJO,59.75,58,3624.35
423,6867-ACCZI,52.5,24,1208.15
424,6870-ZWMNX,76.1,70,5264.25
425,6885-PKOAM,85.75,71,6223.8
426,6897-RWMUB,68.05,61,4158.25
427,6898-RBTLU,79.3,49,3902.45
428,6901-GOGZG,84.95,60,4984.85
429,6916-HIJSE,84.85,65,5459.2
430,6953-PBDIN,72.95,70,5265.55
431,6963-EZQEE,88.55,70,6306.5
432,6997-UVGOX,85.45,71,6029.9
433,7018-FPXHH,59.8,56,3457.45
434,7021-XSNYE,49.65,7,305.55
435,7025-WCBNE,59.6,47,2754
436,7037-MTYVW,85.4,38,3297
437,7054-DMVAS,65.3,54,3512.9
438,7101-HRBLJ,83.7,72,6096.9
439,7109-CQYUZ,89.25,52,4652.4
440,7110-BDTWG,47.05,71,3263.6
441,7113-HIPFI,65.85,66,4097.05
442,7131-ZQZNK,59.85,60,3590.2
443,7138-GIRSH,69.5,50,3418.2
444,7139-JZFVG,60.5,60,3694.45
445,7162-WPHPM,71.6,58,4230.25
446,7164-BPTUT,89.55,57,5012.35
447,7169-YWAMK,68.4,72,4855.35
448,7191-ADRGF,54.3,44,2390.45
449,7197-VOJMM,69.2,67,4671.65
450,7233-PAHHL,84.0,66,5714.25
451,7253-UVNDW,54.35,46,2460.15
452,7274-CGTOD,43.7,62,2618.3
453,7284-ZZLOH,53.3,45,2296.25
454,7301-ABVAD,86.6,72,6350.5
455,7306-YDSOI,59.75,69,4069.9
456,7321-ZNSLA,40.55,13,590.35
457,7340-KEFQE,34.2,51,1782
458,7349-ALMUX,65.6,37,2313.8
459,7359-SSBJK,70.2,64,4481
460,7398-HPYZQ,90.55,71,6404
461,7399-QHBJS,66.75,72,4760.3
462,7401-JIXNM,91.3,54,4965
463,7408-OFWXJ,89.8,72,6510.45
464,7492-TAFJD,38.55,7,280
465,7501-IWUNG,73.8,61,4616.05
466,7503-MIOGA,89.85,72,6697.35
467,7508-DQAKK,86.4,64,5442.05
468,7524-VRLPL,74.1,69,5031
469,7560-QJAVJ,79.6,70,5589.45
470,7579-KKLOE,91.25,71,6589.6
471,7596-ZYWBB,59.6,65,3739.8
472,7599-NTMDP,48.7,62,3008.55
473,7605-BDWDC,49.85,31,1520.1
474,7609-YBPXG,87.1,54,4735.2
475,7622-FWGEW,85.65,56,4824.45
476,7633-MVPUY,59.75,57,3450.15
477,7639-LIAYI,79.75,52,4217.8
478,7639-OPLNG,79.25,70,5731.85
479,7649-SIJJF,80.1,71,5585.4
480,7665-NKLAV,40.65,36,1547.35
481,7688-AWMDX,54.5,71,3778.2
482,7722-VJRQD,60.95,72,4549.05
483,7758-UJWYS,40.55,34,1325.85
484,7771-CFQRQ,63.8,47,3007.25
485,7771-ZONAT,56.75,22,1304.85
486,7779-ORAEL,75.15,45,3480.35
487,7781-HVGMK,65.2,72,4784.45
488,7816-VGHTO,40.55,6,217.5
489,7860-KSUGX,64.45,72,4720
490,7860-UXCRM,74.5,63,4674.55
491,7873-CVMAW,88.55,72,6362.35
492,7898-PDWQE,80.4,71,5727.15
493,7921-BEPCI,59.75,72,4265
494,7963-SHNDT,39.1,52,1982.1
495,7975-JMZNT,91.7,66,6075.9
496,7998-WNZEM,80.6,71,5708.2
497,8039-ACLPL,68.75,72,4888.2
498,8039-EQPIM,60.25,69,4055.5
499,8046-DNVTL,38.6,62,2345.55
500,8050-DVOJX,81.35,49,4060.9
501,8060-HIWJJ,86.55,64,5632.55
502,8069-RHUXK,35.7,67,2545.7
503,8100-PNJMH,88.85,68,6132.7
504,8106-GWQOK,60.0,38,2193.2
505,8125-QPFJD,84.9,72,6065.3
506,8144-DGHXP,80.6,54,4299.95
507,8146-QQKZH,81.85,71,5924.4
508,8165-CBKXO,56.75,66,3708.4
509,8166-ZZTFS,80.55,66,5265.1
510,8169-SAEJD,56.55,69,3952.65
511,8174-TBVCF,94.8,70,6859.05
512,8181-YHCMF,60.3,68,4109
513,8197-BFWVU,93.25,72,6688.95
514,8200-LGKSR,83.2,71,6126.1
515,8204-YJCLA,64.8,72,4732.35
516,8205-VSLRB,77.3,70,5498.2
517,8208-EUMTE,54.85,16,916.15
518,8218-FFJDS,86.4,72,6058.95
519,8221-HVAYI,69.15,35,2490.15
520,8232-CTLKO,59.75,66,3996.8
521,8242-PDSGJ,39.15,70,2692.75
522,8295-KMENE,76.45,59,4519.5
523,8311-UEUAB,75.5,67,5229.45
524,8313-AFGBW,73.6,47,3522.65
525,8316-BBQAY,59.95,65,3921.1
526,8336-TAVKX,78.45,72,5682.25
527,8338-QIUNR,66.5,72,4811.6
528,8345-MVDYC,81.65,45,3618.7
529,8374-UULRV,86.05,72,6309.65
530,8390-FESFV,84.5,62,5193.2
531,8404-VIOMB,62.5,66,4136.4
532,8413-YNHNV,90.65,69,6322.1
533,8414-OOEEL,79.5,66,5196.1
534,8434-PNQZX,78.45,42,3373.4
535,8468-FZTOE,74.35,72,5237.4
536,8510-TMWYB,59.8,54,3246.45
537,8571-ZCMCX,60.0,47,2768.65
538,8580-QVLOC,92.45,72,6440.25
539,8587-XYZSF,50.55,67,3260.1
540,8590-YFFQO,64.95,70,4523.25
541,8619-IJNDK,64.05,71,4492.9
542,8626-PTQGE,60.05,69,4176.7
543,8630-QSGXK,75.2,51,3901.25
544,8631-NBHFZ,79.4,66,5154.6
545,8645-KOMJQ,81.95,69,5601.4
546,8661-BOYNW,84.4,72,6096.45
547,8670-MEFCP,92.9,36,3379.25
548,8690-ZVLCL,88.0,68,6161.9
549,8722-PRFDV,77.55,71,5574.35
550,8727-XDPUD,35.8,37,1316.9
551,8766-PAFNE,79.1,71,5564.85
552,8780-YRMTT,47.4,66,3177.25
553,8792-AOROI,65.5,8,564.35
554,8819-WFGGJ,54.1,68,3794.5
555,8882-TLVRW,39.1,69,2779.5
556,8908-NMQTX,65.6,72,4566.5
557,8990-YOZLV,66.9,69,4577.9
558,8999-YPYBV,84.35,45,3858.05
559,9000-PLFUZ,49.45,60,2907.55
560,9018-PCIOK,64.75,55,3617.1
561,9027-TMATR,78.8,43,3460.3
562,9065-ZCPQX,78.85,72,5763.15
563,9068-VPWQQ,75.35,61,4729.3
564,9073-ZZIAY,86.1,62,5215.25
565,9091-WTUUY,69.25,64,4447.75
566,9102-OXKFY,54.15,59,3116.15
567,9110-HSGTV,82.45,69,5555.3
568,9114-DPSIA,81.0,72,5750
569,9135-MGVPY,84.7,69,5878.9
570,9140-CZQZZ,79.6,68,5515.8
571,9152-AMKAK,80.25,6,493.4
572,9194-GFVOI,84.35,42,3571.6
573,9220-CXRSC,61.4,69,4059.85
574,9224-VTYID,90.5,47,4318.35
575,9225-BZLNZ,85.25,72,6083.1
576,9227-YBAXE,82.5,65,5215.1
577,9236-NDUCW,35.1,21,770.4
578,9242-TKFSV,65.1,72,4754.3
579,9281-CEDRU,64.1,68,4326.25
580,9286-BHDQG,45.25,72,3139.8
581,9297-EONCV,91.35,72,6697.2
582,9297-FVVDH,84.5,57,4845.4
583,9339-FIIJL,85.95,72,6151.9
584,9348-ROUAI,90.3,59,5194.05
585,9359-JANWS,58.9,65,3857.1
586,9372-TXXPS,59.85,60,3483.45
587,9385-NXKDA,82.65,72,5919.35
588,9415-ZNBSX,89.0,70,6293.2
589,9435-JMLSX,86.1,71,6045.9
590,9443-JUBUO,65.25,72,4478.85
591,9453-PATOS,85.1,72,6155.4
592,9477-LGWQI,80.15,70,5600.15
593,9479-HYNYL,80.7,71,5705.05
594,9481-WHGWY,75.35,70,5437.75
595,9488-FVZCC,79.5,72,5661.7
596,9489-DEDVP,69.2,70,4872.35
597,9489-JMTTN,89.75,72,6595.9
598,9499-XPZXM,64.75,72,4804.75
599,9530-GRMJG,84.1,70,5979.7
600,9541-PWTWO,80.95,52,4233.95
601,9548-LIGTA,81.05,61,4747.65
602,9553-DLCLU,88.95,13,1161.75
603,9560-BBZXK,31.05,36,1126.35
604,9565-FLVCG,69.55,65,4459.15
605,9610-WCESF,43.9,67,3097.2
606,9674-EHPPG,40.4,46,1842.7
607,9675-ICXCT,80.8,72,5728.55
608,9715-SBVSU,61.4,14,815.55
609,9755-JHNMN,67.4,49,3306.85
610,9769-TSBZE,66.0,70,4891.5
611,9778-OGKQZ,92.0,72,6782.15
612,9786-YWNHU,63.55,63,4014.2
613,9795-NREXC,85.0,64,5484.4
614,9795-SHUHB,58.2,66,3810.8
615,9796-MVYXX,39.7,14,692.35
616,9823-EALYC,80.85,72,5727.45
617,9867-XOBQA,53.15,21,1183.2
618,9871-ELEYA,67.65,34,2339.3
619,9880-TDQAC,60.0,72,4264
620,9885-MFVSU,46.35,35,1662.05
621,9888-ZCUMM,60.05,64,3845.45
622,9906-NHHVC,53.5,65,3517.9
623,9919-FZDED,84.1,72,5981.65
624,9926-PJHDQ,76.8,72,5468.45
625,9928-BZVLZ,49.85,12,552.1
626,9993-LHIEB,67.85,67,4627.65
627,9995-HOTOH,59.0,63,3707.6
628,0013-SMEOE,109.7,71,7904.25
629,0014-BMAQU,84.65,63,5377.8
630,0017-IUDMW,116.8,72,8456.75
631,0019-EFAEP,101.3,72,7261.25
632,0020-INWCK,95.75,71,6849.4
633,0106-UGRDO,116.0,69,8182.85
634,0136-IFMYD,109.95,69,7634.25
635,0164-APGRB,114.9,72,8496.7
636,0181-RITDD,108.15,62,6825.65
637,0201-MIBOL,102.4,66,6471.85
638,0248-PGHBZ,92.45,67,6140.85
639,0254-FNMCI,109.9,72,7624.2
640,0266-CLZKZ,105.65,67,6717.9
641,0266-GMEAO,114.3,72,8058.55
642,0320-DWVTU,99.5,53,5424.25
643,0345-XMMUG,108.9,46,4854.3
644,0356-OBMAC,99.9,56,5706.3
645,0378-CJKPV,112.1,72,7965.95
646,0392-BZIUW,105.0,72,7589.8
647,0401-WDBXM,105.55,72,7542.25
648,0454-OKRCT,80.6,33,2651.1
649,0479-HMSWA,105.45,26,2715.3
650,0530-IJVDB,114.6,70,7882.5
651,0536-ACXIP,109.55,72,8165.1
652,0572-ZJKLT,99.65,46,4630.2
653,0619-OLYUR,111.9,72,8071.05
654,0665-XHDJU,99.4,72,7285.7
655,0675-NCDYU,116.4,72,8543.25
656,0678-RLHVP,105.55,53,5682.25
657,0716-BQNDX,93.75,57,5625.55
658,0727-BNRLG,97.65,69,6743.55
659,0742-LAFQK,99.15,72,7422.1
660,0815-MFZGM,99.0,42,4135
661,0835-JKADZ,111.25,71,7984.15
662,0853-TWRVK,105.6,72,7581.5
663,0862-PRCBS,103.75,68,7039.45
664,0868-VJRDR,104.05,64,6605.55
665,0906-QVPMS,115.15,72,8349.45
666,0907-HQNTS,113.0,70,7987.6
667,0917-EZOLA,104.15,72,7689.95
668,0960-HUWBM,104.1,65,6700.05
669,1043-UXOVO,113.15,71,7993.3
670,1053-MXTTK,108.65,72,7726.35
671,1063-DHQJF,92.15,69,6480.9
672,1090-ESELR,105.5,72,7611.55
673,1095-WGNGG,101.05,61,5971.25
674,1116-DXXDF,100.45,39,3801.7
675,1150-WFARN,108.75,67,7156.2
676,1162-ECVII,109.75,72,7932.5
677,1163-VIPRI,109.3,65,7337.55
678,1206-EHBDD,80.3,56,4513.65
679,1291-CUOCY,110.6,72,7962.2
680,1298-PHBTI,84.8,71,6152.4
681,1303-SRDOK,69.05,55,3842.6
682,1304-SEGFY,97.85,72,6841.3
683,1320-GVNHT,108.4,72,7767.25
684,1325-USMEC,99.35,70,6944.5
685,1352-HNSAW,115.6,72,8220.4
686,1400-WIVLL,107.95,57,5969.85
687,1409-PHXTF,110.45,54,6077.75
688,1414-YADCW,84.6,70,5706.2
689,1428-IEDPR,109.3,52,5731.4
690,1447-PJGGA,95.25,57,5464.65
691,1452-UZOSF,106.1,72,7548.6
692,1455-HFBXA,91.6,52,4627.8
693,1480-BKXGA,116.05,72,8404.9
694,1488-PBLJN,116.85,72,8477.7
695,1527-SXDPN,96.25,52,4990.25
696,1545-JFUML,99.0,71,6994.6
697,1555-DJEQW,114.2,70,7723.9
698,1557-EMYVT,115.05,43,4895.1
699,1576-PFZIW,105.35,70,7511.9
700,1621-YNCJH,106.05,36,3834.4
701,1725-IQNIY,109.75,54,6110.2
702,1741-WTPON,115.85,56,6567.9
703,1779-PWPMG,114.65,72,8333.95
704,1813-JYWTO,80.45,72,5737.6
705,1830-GGFNM,94.55,65,6078.75
706,1832-PEUTS,89.1,62,5411.65
707,1841-YSJGV,109.95,72,7852.4
708,1891-QRQSA,111.6,64,7099
709,1930-QPBVZ,95.1,68,6683.4
710,1936-UAFEH,110.25,68,7279.35
711,1937-OTUKY,98.2,72,7015.9
712,2001-EWBQU,104.7,60,6333.8
713,2001-MCUUW,108.65,46,4903.2
714,2019-HDCZY,102.6,63,6296.75
715,2040-XBAVJ,114.45,72,8100.55
716,2057-BOYKM,96.6,72,6827.5
717,2121-JAFOM,115.55,72,8312.4
718,2190-PHBHR,94.45,72,6921.7
719,2193-SFWQW,111.95,72,8033.1
720,2223-GDSHL,116.05,71,8297.5
721,2225-ZRGSG,93.9,70,6579.05
722,2272-WUSPA,110.75,72,7751.7
723,2277-BKJKN,99.2,71,7213.75
724,2307-FYNNL,109.05,65,7108.2
725,2323-ARSVR,111.05,67,7321.05
726,2324-EFHVG,104.4,64,6692.65
727,2368-GAKKQ,113.65,70,7939.25
728,2380-DAMQP,115.15,72,8349.7
729,2388-LAESQ,114.85,72,8317.95
730,2419-FSORS,108.4,72,7719.5
731,2434-EEVDB,94.6,64,5948.7
732,2469-DTSGX,111.65,72,7943.45
733,2499-AJYUA,110.8,72,7882.25
734,2521-NPUZR,101.0,70,7085.5
735,2530-ENDWQ,93.7,71,6585.35
736,2530-FMFXO,103.2,56,5873.75
737,2533-QVMSK,94.1,61,5638.3
738,2578-JQPHZ,100.1,44,4378.35
739,2599-CIPQE,109.3,71,7782.85
740,2632-IVXVF,111.75,68,7511.3
741,2651-ZCBXV,108.0,54,5760.65
742,2664-XJZNO,104.9,72,7559.55
743,2773-OVBPK,111.3,67,7567.2
744,2789-CZANW,110.3,64,6997.3
745,2798-NYLMZ,108.55,71,7616
746,2834-JRTUA,108.05,71,7532.15
747,2878-RMWXY,102.65,72,7550.3
748,2904-GGUAZ,84.05,72,6052.25
749,2927-CVULT,104.05,53,5566.4
750,2984-TBYKU,104.9,72,7732.65
751,2988-QRAJY,110.05,69,7430.75
752,3022-BEXHZ,111.2,67,7530.8
753,3070-BDOQC,99.65,60,5941.05
754,3090-HAWSU,111.6,61,6876.05
755,3096-YXENJ,107.65,65,7082.85
756,3133-PZNSR,97.75,72,6991.6
757,3134-DSHVC,98.0,63,6218.45
758,3186-AJIEK,105.65,66,6844.5
759,3192-NQECA,110.0,68,7611.85
760,3197-NNYNB,105.1,65,6631.85
761,3230-JCNZS,99.0,71,7061.65
762,3244-CQPHU,110.1,72,7746.7
763,3258-SYSWS,113.8,72,7845.8
764,3258-ZKPAI,116.6,72,8337.45
765,3259-FDWOY,106.0,71,7723.7
766,3363-DTIVD,105.55,71,7405.5
767,3374-TTZTK,106.3,52,5487
768,3392-EHMNK,94.1,67,6302.8
769,3396-DKDEL,115.15,70,8250
770,3407-JMJQQ,109.0,71,7661.8
771,3428-MMGUB,89.55,60,5231.2
772,3508-CFVZL,111.3,71,7985.9
773,3518-FSTWG,109.55,72,7920.7
774,3520-FJGCV,112.6,72,8126.65
775,3552-CTCYF,104.8,63,6597.25
776,3580-HYCSP,110.3,72,7966.9
777,3597-YASZG,104.45,70,7349.35
778,3612-YUNGG,109.2,64,6741.15
779,3617-XLSGQ,109.25,66,7082.5
780,3655-SNQYZ,113.25,69,7895.15
781,3669-WHAFY,115.15,71,8078.1
782,3705-RHRFR,99.15,69,6875.35
783,3716-LRGXK,101.15,60,6067.4
784,3726-TBHQT,114.0,71,8175.9
785,3729-OWRVL,110.35,65,7246.15
786,3766-EJLFL,109.05,68,7508.55
787,3795-CAWEX,116.55,70,8152.3
788,3810-DVDQQ,117.6,72,8308.9
789,3831-YCPUO,109.5,72,7854.9
790,3841-NFECX,96.35,71,6766.95
791,3870-SPZSI,113.05,70,7869.05
792,3882-IYOIJ,115.25,60,6758.45
793,3892-NXAZG,114.05,72,8289.2
794,3963-RYFNS,116.45,72,8013.55
795,4016-BJKTZ,108.9,25,2809.05
796,4024-CSNBY,94.25,72,6849.75
797,4043-MKDTV,105.25,71,7291.75
798,4049-ZPALD,99.0,64,6375.8
799,4056-QHXHZ,107.45,72,7576.7
800,4057-FKCZK,82.5,58,4828.05
801,4119-ZYPZY,106.8,71,7623.2
802,4129-LYCOI,104.0,67,7039.05
803,4137-JOPHL,89.7,50,4304.5
804,4159-NAAIX,97.45,63,6253
805,4178-EGMON,88.0,70,5986.45
806,4199-QHJNM,102.9,67,6989.7
807,4304-TSPVK,114.9,68,7843.55
808,4366-CTOUZ,100.2,50,5038.45
809,4376-KFVRS,114.05,72,8468.2
810,4378-MYPGO,105.25,68,7173.15
811,4389-UEFCZ,105.5,72,7544
812,4393-GEADV,114.75,70,7842.3
813,4419-UJMUS,99.35,69,6856.45
814,4513-CXYIX,80.7,71,5676
815,4616-ULAOA,110.8,65,7245.9
816,4622-YNKIJ,88.95,33,3027.65
817,4627-MIHJH,110.25,69,7467.55
818,4670-TABXH,109.75,72,7758.9
819,4683-WYDOU,107.6,62,6912.7
820,4686-GEFRM,98.7,70,6858.9
821,4713-ZBURT,99.7,45,4634.35
822,4778-IZARL,110.1,63,6705.7
823,4806-DXQCE,113.65,70,7714.65
824,4822-LPTYJ,103.75,72,7346.2
825,4829-ZLJTK,112.4,72,8046.85
826,4853-RULSV,104.0,70,7250.15
827,4884-TVUQF,101.3,57,5779.6
828,4909-JOUPP,109.7,72,7898.45
829,5013-SBUIH,109.65,50,5551.15
830,5038-ETMLM,113.65,72,8182.75
831,5055-BRMNE,106.7,67,7009.5
832,5089-IFSDP,109.45,58,6144.55
833,5090-EMGTC,100.05,59,6034.85
834,5135-GRQJV,114.5,72,8331.95
835,5153-LXKDT,110.2,68,7467.5
836,5161-UBZXI,106.35,69,7261.75
837,5161-XEUVX,94.3,37,3460.95
838,5172-RKOCB,108.95,72,7875
839,5183-KLYEM,112.75,72,8192.6
840,5193-QLVZB,104.75,63,6536.5
841,5214-NLTIT,90.8,72,6511.8
842,5229-DTFYB,98.8,41,3959.15
843,5236-PERKL,112.95,57,6465
844,5271-YNWVR,113.15,68,7856
845,5278-PNYOX,100.65,49,4917.75
846,5286-YHCVC,104.8,72,7470.1
847,5304-EFJLP,111.65,72,8022.85
848,5322-TEUJK,114.6,71,8100.25
849,5327-CNLUQ,96.9,48,4473.45
850,5360-LJCNJ,105.15,71,7555
851,5375-XLDOF,114.35,69,7665.8
852,5414-OFQCB,90.45,57,5229.8
853,5440-FLBQG,108.4,69,7318.2
854,5451-YHYPW,115.75,72,8443.7
855,5453-YBTWV,101.1,70,6994.8
856,5514-YQENT,111.15,41,4507.15
857,5574-NXZIU,109.2,63,7049.75
858,5663-QBGIS,98.35,72,6929.4
859,5668-MEISB,106.1,72,7657.4
860,5671-RQRLP,75.65,70,5411.4
861,5684-FJVYR,90.35,72,6563.4
862,5693-PIPCS,99.65,41,4220.35
863,5696-CEIQJ,103.15,67,6895.5
864,5716-EZXZN,99.05,65,6416.7
865,5748-RNCJT,106.5,69,7348.8
866,5781-BKHOP,100.65,72,7334.05
867,5795-KTGUD,110.8,68,7553.6
868,5855-EIBDE,106.65,49,5174.35
869,5887-IKKYO,94.35,58,5563.65
870,5914-XRFQB,115.8,72,8424.9
871,5954-BDFSG,107.5,72,7853.7
872,5965-GGPRW,105.25,72,7609.75
873,5989-AXPUC,118.6,68,7990.05
874,5998-DZLYR,94.35,61,5703
875,6007-TCTST,115.8,72,8476.5
876,6035-RIIOM,97.2,54,5129.45
877,6048-UWKAL,105.4,69,6998.95
878,6050-FFXES,105.35,69,7240.65
879,6103-LIANB,99.5,59,5861.75
880,6176-YJWAS,97.95,72,7114.25
881,6196-HBOBZ,99.35,65,6347.55
882,6211-WWLTF,99.7,63,6330.4
883,6234-RAAPL,99.9,72,7251.7
884,6242-FEGFD,96.6,66,6424.25
885,6244-BESBM,95.2,69,6671.7
886,6257-DTAYD,104.15,71,7365.3
887,6295-OSINB,109.65,72,7880.25
888,6297-NOOPG,110.5,70,7752.05
889,6308-CQRBU,109.25,71,7707.7
890,6322-PJJDJ,94.8,49,4690.65
891,6339-TBELP,86.4,71,6172
892,6374-NTQLP,104.1,72,7447.7
893,6386-SZZKH,107.95,49,5293.2
894,6435-VWCCY,92.7,65,5968.4
895,6445-TNRXS,114.7,68,7849.85
896,6463-HHXJR,100.5,71,7030.65
897,6519-ZHPXP,108.3,72,7679.65
898,6556-DBKZF,76.05,71,5436.45
899,6568-POCUI,95.2,45,4285.8
900,6583-SZVGP,108.1,48,5067.45
901,6603-QWSPR,104.4,46,4904.2
902,6614-FHDBO,109.2,72,7878.3
903,6616-AALSR,104.3,65,6725.3
904,6650-BWFRT,117.15,72,8529.5
905,6670-MFRPK,79.2,69,5420.65
906,6680-NENYN,104.6,43,4759.85
907,6719-FGEDO,97.0,72,7104.2
908,6726-NNFWD,89.45,71,6435.25
909,6733-LRIZX,108.95,35,4025.5
910,6734-FQAJX,105.05,67,7171.7
911,6749-UTDVX,103.65,72,7634.8
912,6766-HFKLA,103.2,56,5744.35
913,6797-LNAQX,98.3,70,6859.5
914,6804-GDMOI,106.6,61,6428.4
915,6837-HAEVO,105.0,69,7297.75
916,6838-YAUVY,95.1,54,5064.85
917,6859-QNXIQ,113.1,72,8248.5
918,6900-RBKER,89.45,52,4577.75
919,6904-JLBGY,117.35,72,8436.25
920,6919-ELBGL,114.95,72,8196.4
921,6950-TWMYB,79.95,54,4362.05
922,6990-YNRIO,108.65,65,6937.95
923,6993-YCOBK,110.6,60,6586.85
924,6993-YGFJV,112.55,69,7806.5
925,6999-CHVCF,102.1,68,7149.35
926,7005-CYUIL,99.4,71,7168.25
927,7017-VFHAY,115.1,61,7008.15
928,7030-FZTFM,110.9,72,7922.75
929,7036-TYDEC,104.0,69,7028.5
930,7055-JCGNI,111.95,70,7795.95
931,7134-HBPBS,108.1,72,7774.05
932,7159-NOKYQ,93.15,67,6368.2
933,7173-TETGO,78.5,72,5602.25
934,7176-WRTNX,114.95,70,7711.25
935,7182-OVLBJ,101.15,62,6638.35
936,7208-PSIHR,104.3,70,7188.5
937,7255-SSFBC,112.25,72,8041.65
938,7317-GGVPB,108.6,71,7690.9
939,7322-OCWHC,93.05,72,6735.05
940,7359-WWYJV,114.45,72,8375.05
941,7375-WMVMT,95.5,71,6707.15
942,7446-KQISO,109.75,45,4900.65
943,7516-GMHUV,105.05,50,5163.3
944,7519-JTWQH,110.5,69,7455.45
945,7564-GHCVB,79.05,72,5730.7
946,7566-DSRLQ,110.15,72,7998.8
947,7569-NMZYQ,118.75,72,8672.45
948,7570-WELNY,84.7,68,5711.05
949,7572-KPVKK,104.05,62,6590.5
950,7602-MVRMB,110.45,72,8058.85
951,7641-TQFHN,100.55,39,3895.35
952,7663-CUXZB,113.75,59,6561.25
953,7663-YJHSN,103.95,72,7556.9
954,7666-WKRON,80.45,39,3201.55
955,7691-XVTZH,89.95,68,5974.3
956,7710-JSYOA,93.3,69,6398.05
957,7730-CLDSV,98.65,72,7129.45
958,7740-BTPUX,113.6,55,6292.7
959,7762-URZQH,106.05,66,6981.35
960,7765-LWVVH,95.1,72,6843.15
961,7826-VVKWT,96.55,24,2263.45
962,7868-TMWMZ,110.0,60,6668.35
963,7923-IYJWY,116.1,67,7839.85
964,7929-SKFGK,114.3,70,8244.3
965,7954-MLBUN,99.45,31,3109.9
966,7971-HLVXI,84.5,72,6130.85
967,7973-DZRKH,90.95,66,5930.05
968,8015-IHCGW,115.5,72,8425.15
969,8024-XNAFQ,107.4,72,7748.75
970,8029-XYPWT,115.05,71,8016.6
971,8041-TMEID,108.5,63,6991.9
972,8071-SBTRN,111.15,70,7737.55
973,8085-MSNLK,113.95,62,6891.4
974,8089-UZWLX,104.05,71,7413.55
975,8099-MZPUJ,111.8,48,5443.65
976,8107-RZLNV,106.3,72,7565.35
977,8152-VETUR,97.7,72,6869.7
978,8207-DMRVL,114.55,72,8306.05
979,8216-AZUUZ,100.4,42,4303.65
980,8261-GWDBQ,116.05,60,6925.9
981,8263-QMNTJ,115.55,72,8425.3
982,8265-HKSOW,107.45,72,7658.3
983,8309-PPCED,110.45,72,7982.5
984,8398-TBIYD,84.7,72,6185.15
985,8454-AATJP,115.05,72,8405
986,8465-SBRXP,94.9,38,3616.25
987,8466-PZBLH,104.6,67,6885.75
988,8480-PPONV,115.55,62,7159.05
989,8513-OLYGY,115.8,72,8332.15
990,8565-WUXZU,84.8,72,6141.65
991,8591-TKMZH,111.1,59,6555.2
992,8606-CIQUL,115.75,72,8399.15
993,8628-MFKAX,116.75,72,8277.05
994,8639-NHQEI,95.9,72,6954.15
995,8659-IOOPU,100.45,71,7159.7
996,8670-ERCJH,113.4,72,8164.1
997,8707-HOEDG,110.2,70,7689.8
998,8777-MBMTS,105.85,65,6725.5
999,8809-RIHDD,103.4,72,7372.65
1000,8809-XKHMD,100.55,72,7325.1
1001,8819-ZBYNA,109.1,58,6393.65
1002,8823-RLPWL,110.65,72,8065.65
1003,8853-TZDGH,111.6,72,8012.75
1004,8869-LIHMK,115.1,64,7334.05
1005,8871-JLMHM,90.2,68,6297.65
1006,8879-XUAHX,116.25,71,8564.75
1007,8883-ANODQ,84.4,68,5746.75
1008,8901-UPRHR,109.2,72,7711.45
1009,8915-NNTRC,107.7,72,7919.8
1010,8929-KSWIH,99.3,25,2513.5
1011,8975-SKGRX,116.1,71,8310.55
1012,8984-EYLLL,105.25,64,6823.4
1013,8984-HPEMB,118.65,71,8477.6
1014,9028-LIHRP,100.2,71,7209
1015,9031-ZVQPT,108.2,72,7840.6
1016,9053-JZFKV,116.2,67,7752.3
1017,9070-BCKQP,110.15,72,7881.2
1018,9076-AXYIK,102.1,64,6538.45
1019,9127-FHJBZ,114.0,72,8093.15
1020,9128-CPXKI,95.8,59,5655.45
1021,9174-IHETN,70.35,50,3533.6
1022,9220-ZNKJI,88.8,55,4805.3
1023,9239-GZHZE,113.65,72,8124.2
1024,9258-CNWAC,113.65,71,8166.8
1025,9298-WGMRW,115.5,72,8312.75
1026,9330-VOFSZ,110.8,60,6640.7
1027,9351-HXDMR,110.9,72,8240.85
1028,9405-GPBBG,110.5,64,7069.25
1029,9412-ARGBX,95.5,48,4627.85
1030,9432-RUVSL,102.5,48,4904.25
1031,9488-FYQAU,109.25,63,6841.4
1032,9541-ZPSEA,80.35,68,5375.15
1033,9548-ZMVTX,90.45,72,6565.85
1034,9558-IHEZX,106.75,71,7283.25
1035,9570-KYEUA,99.25,64,6549.45
1036,9586-JGQKH,105.4,64,6794.75
1037,9589-ABEPT,92.45,69,6460.55
1038,9625-QNLUX,103.25,68,7074.4
1039,9637-CDTKZ,114.1,72,8086.4
1040,9680-NIAUV,109.7,72,8129.3
1041,9695-IDRZR,116.15,34,3946.9
1042,9715-WZCLW,97.2,71,6910.3
1043,9739-JLPQJ,117.5,72,8670.1
1044,9777-IQHWP,93.4,64,5822.3
1045,9786-IJYDL,113.2,35,3914.05
1046,9788-HNGUT,116.95,72,8594.4
1047,9802-CAQUT,109.55,72,7887.25
1048,9845-PEEKO,79.2,59,4590.35
1049,9848-JQJTX,100.9,72,7459.05
1050,9861-PDSZP,108.05,72,7806.6
1051,9866-OCCKE,109.75,72,8075.35
1052,9924-JPRMC,118.2,72,8547.15
1053,9933-QRGTX,97.2,60,5611.75
1054,9938-TKDGL,99.55,68,6668
1055,9958-MEKUC,103.95,72,7517.7
1056,9959-WOFKT,106.7,71,7382.25
1057,0040-HALCW,20.4,54,1090.6
1058,0042-RLHYP,19.7,69,1396.9
1059,0057-QBUQH,25.1,43,1070.15
1060,0064-SUDOG,20.3,12,224.5
1061,0071-NDAFP,25.5,25,630.6
1062,0164-XAIRP,19.55,24,470.2
1063,0174-QRVVY,25.35,71,1847.55
1064,0206-OYVOC,19.25,46,864.2
1065,0224-NIJLP,20.15,8,165.5
1066,0264-CNITK,20.1,71,1389.6
1067,0281-CNTZX,19.95,63,1234.8
1068,0301-KOBTQ,20.05,32,614.45
1069,0318-ZOPWS,20.15,49,973.35
1070,0323-XWWTN,26.4,3,121.25
1071,0354-VXMJC,19.6,23,426.65
1072,0362-RAOQO,19.65,40,830.25
1073,0374-FIUCA,20.4,65,1414.45
1074,0386-CWRGM,19.4,46,967.85
1075,0394-YONDK,25.15,70,1790.15
1076,0397-ZXWQF,20.5,67,1430.95
1077,0402-OAMEN,24.45,72,1709.1
1078,0404-AHASP,19.7,72,1421.9
1079,0442-TDYUO,20.05,48,1036
1080,0463-TXOAK,25.6,52,1334.5
1081,0464-WJTKO,20.1,72,1460.85
1082,0480-KYJVA,24.25,72,1784.5
1083,0485-ZBSLN,24.75,65,1715.1
1084,0486-LGCCH,19.65,11,225.75
1085,0505-SPOOW,19.8,70,1397.65
1086,0506-YLVKJ,20.2,46,917.45
1087,0508-SQWPL,20.1,57,1087.7
1088,0559-CKHUS,19.55,29,521.8
1089,0562-HKHML,23.9,71,1626.4
1090,0582-AVCLN,20.3,38,743.05
1091,0603-TPMIB,25.45,59,1534.05
1092,0607-DAAHE,19.75,53,1052.35
1093,0608-JDVEC,19.8,50,1013.2
1094,0613-WUXUM,19.2,70,1401.4
1095,0621-CXBKL,18.7,53,1005.7
1096,0625-AFOHS,20.2,29,558.8
1097,0626-QXNGV,24.15,72,1776.45
1098,0640-YJTPY,21.0,72,1493.75
1099,0704-VCUMB,20.25,61,1278.8
1100,0732-OCQOC,25.05,52,1270.25
1101,0754-EEBDC,19.9,4,76.65
1102,0780-XNZFN,20.65,57,1125.6
1103,0784-ZQJZX,19.9,72,1529.65
1104,0794-YVSGE,20.3,72,1401.15
1105,0795-XCCTE,25.4,72,1809.35
1106,0825-CPPQH,19.1,71,1372.45
1107,0827-ITJPH,18.55,36,689
1108,0831-JNISG,19.8,71,1396.25
1109,0839-QNXME,19.4,30,578.5
1110,0847-HGRML,20.0,62,1250.1
1111,0854-UYHZD,19.55,13,265.3
1112,0902-XKXPN,20.2,69,1376.5
1113,0932-YIXYU,20.25,47,1029.8
1114,0936-NQLJU,20.65,41,875.55
1115,0962-CQPWQ,20.3,62,1296.15
1116,0971-QIFJK,24.25,69,1641.8
1117,1043-YCUTE,25.15,56,1327.15
1118,1047-RNXZV,19.55,43,876.15
1119,1052-QJIBV,19.9,71,1397.3
1120,1073-XXCZD,25.7,55,1443.65
1121,1080-BWSYE,25.65,64,1740.8
1122,1087-GRUYI,20.4,38,743.5
1123,1089-XZWHH,19.7,24,494.05
1124,1092-WPIVQ,25.1,18,428.45
1125,1093-YSWCA,19.55,11,223.15
1126,1098-KFQEC,19.4,55,1083
1127,1099-GODLO,20.35,1,20.35
1128,1106-HRLKZ,19.6,40,808.95
1129,1131-QQZEB,23.95,71,1756.2
1130,1166-PQLGG,19.55,72,1463.45
1131,1167-OYZJF,20.05,67,1263.05
1132,1207-BLKSA,23.05,52,1255.1
1133,1215-EXRMO,20.55,50,1067.65
1134,1223-UNPKS,20.05,20,400
1135,1231-YNDEK,19.15,58,1035.5
1136,1240-HCBOH,26.1,67,1759.55
1137,1241-EZFMJ,25.45,61,1538.6
1138,1241-FPMOF,19.65,52,1025.05
1139,1245-HARPS,20.4,14,292.4
1140,1248-DYXUB,24.8,52,1229.1
1141,1270-XKUCC,19.7,30,599.25
1142,1293-BSEUN,20.7,72,1482.3
1143,1299-AURJA,24.7,70,1685.9
1144,1302-TPUBN,19.35,66,1240.8
1145,1306-RPWXZ,20.45,49,1024.65
1146,1328-EUZHC,20.1,18,370.5
1147,1354-YZFNB,19.55,4,68.8
1148,1395-WSWXR,20.75,24,487.05
1149,1399-OUPJN,19.75,57,1272.05
1150,1403-GYAFU,20.05,70,1360.25
1151,1407-DIGZV,19.1,3,52
1152,1460-UZPRJ,19.95,60,1258.15
1153,1468-DEFNC,24.4,64,1548.65
1154,1494-EJZDW,20.15,10,220.8
1155,1535-VTJOQ,25.15,24,553
1156,1555-HAPSU,23.9,71,1663.5
1157,1574-DYCWE,19.95,51,1028.75
1158,1591-XWLGB,19.85,71,1379.6
1159,1619-YWUBB,24.95,68,1614.9
1160,1627-AFWVJ,19.4,29,554.25
1161,1635-HDGFT,20.5,19,398.55
1162,1635-NZATJ,25.45,71,1789.65
1163,1657-DYMBM,19.9,53,1110.05
1164,1699-TLDLZ,19.7,16,301.55
1165,1705-GUHPV,24.2,63,1618.2
1166,1709-EJDOX,19.75,47,948.9
1167,1734-ZMNTZ,25.0,11,300.7
1168,1764-VUUMT,19.95,66,1269.1
1169,1767-CJKBA,25.1,66,1697.7
1170,1790-NESIO,20.4,13,261.3
1171,1820-DJFPH,24.05,72,1709.15
1172,1830-IPXVJ,19.75,61,1311.6
1173,1839-FBNFR,19.85,39,854.8
1174,1843-TLSGD,20.85,13,272.35
1175,1852-QSWCD,24.8,64,1514.85
1176,1862-QRWPE,20.65,48,1057
1177,1926-QUZNN,25.25,72,1841.2
1178,1927-QEWMY,20.5,72,1502.25
1179,1945-XISKS,19.65,67,1335.2
1180,1955-IBMMB,20.2,59,1192.3
1181,1970-KKFWL,23.3,35,797.1
1182,1982-FEBTD,25.6,23,514.75
1183,1985-MBRYP,19.65,43,779.25
1184,1987-AUELQ,25.05,71,1873.7
1185,2005-DWQZJ,19.05,8,201.7
1186,2007-QVGAW,19.35,68,1292.65
1187,2017-CCBLH,20.0,8,141.6
1188,2030-BTZRO,20.4,6,107.6
1189,2050-ONYDQ,26.0,65,1654.85
1190,2068-WWXQZ,20.05,46,902
1191,2072-ZVJJX,25.25,68,1728.2
1192,2075-PUEPR,19.35,55,1153.25
1193,2097-YVPKN,25.75,65,1654.75
1194,2138-VFAPZ,19.7,14,263.65
1195,2143-LJULT,25.25,67,1733.15
1196,2146-EGVDT,19.3,59,1192.7
1197,2169-RRLFW,25.6,71,1888.25
1198,2181-TIDSV,19.95,68,1303.25
1199,2207-RYYRL,24.55,52,1331.05
1200,2208-MPXIO,20.0,45,886.4
1201,2208-NKVVH,24.25,43,1077.95
1202,2228-BZDEE,20.1,54,1079.45
1203,2229-DPMBI,19.5,8,162.15
1204,2230-XTUWL,19.55,48,883.35
1205,2236-HILPA,20.65,62,1218.45
1206,2263-SFSQZ,24.95,51,1222.25
1207,2266-FUBDZ,19.35,15,278.85
1208,2300-RQGOI,20.05,38,741.5
1209,2333-KWEWW,20.05,18,388.6
1210,2346-CZYIL,20.35,27,531.6
1211,2346-LOCWC,20.5,58,1191.4
1212,2384-OVPSA,20.2,38,735.9
1213,2400-FEQME,20.5,55,1177.95
1214,2418-TPEUN,19.8,56,1119.9
1215,2428-HYUNX,19.35,44,847.25
1216,2429-AYKKO,19.85,72,1434.1
1217,2452-MRMZF,25.7,72,1937.4
1218,2481-SBOYW,25.0,61,1498.35
1219,2509-TFPJU,25.75,72,1864.2
1220,2511-ALLCS,24.3,35,821.6
1221,2520-SGTTA,20.0,0, 
1222,2525-GVKQU,20.6,60,1093
1223,2545-LXYVJ,20.7,72,1492.1
1224,2560-WBWXF,24.15,68,1498.85
1225,2569-WGERO,21.15,72,1419.4
1226,2587-YNLES,20.1,6,100.35
1227,2595-KIWPV,19.7,27,509.3
1228,2607-DHDAK,19.8,72,1414.65
1229,2616-FLVQC,19.55,64,1240.15
1230,2626-VEEWG,19.4,67,1284.2
1231,2632-TACXW,23.65,62,1416.75
1232,2642-MAWLJ,20.25,36,717.95
1233,2675-IJRGJ,19.65,53,978
1234,2696-RZVZW,25.05,68,1629.2
1235,2706-QZIHY,25.2,15,387.9
1236,2718-YSKCS,19.6,71,1387.45
1237,2729-VNVAP,19.8,33,641.35
1238,2796-NNUFI,19.95,46,927.1
1239,2799-TSLAG,25.3,65,1748.55
1240,2804-ETQDK,20.55,66,1357.1
1241,2805-AUFQN,19.8,25,475.2
1242,2808-CHTDM,25.1,23,611.45
1243,2817-LVCPP,19.4,50,1023.95
1244,2848-YXSMW,19.4,72,1363.25
1245,2888-ADFAO,21.3,47,1041.8
1246,2892-GESUL,19.35,18,309.25
1247,2900-PHPLN,19.55,70,1462.05
1248,2908-WGAXL,24.95,56,1468.9
1249,2961-VNFKL,25.95,71,1801.9
1250,2984-RGEYA,19.75,69,1375.4
1251,2995-YWTCD,24.9,19,467.7
1252,3027-YNWZU,25.0,64,1584.8
1253,3070-FNFZQ,20.4,23,478.75
1254,3078-ZKNTS,19.75,13,246.7
1255,3088-FVYWK,25.55,53,1336.1
1256,3097-FQTVJ,20.0,41,810.3
1257,3115-CZMZD,20.25,0, 
1258,3118-UHVVQ,25.8,68,1911.5
1259,3120-FAZKD,24.05,54,1230.9
1260,3129-AAQOU,25.6,19,485.9
1261,3148-AOIQT,24.95,69,1718.35
1262,3154-HMWUU,20.5,60,1198.8
1263,3170-NMYVV,20.15,50,930.9
1264,3173-WSSUE,19.7,71,1415.85
1265,3190-ITQXP,20.25,46,890.35
1266,3212-KXOCR,21.0,52,1107.2
1267,3213-VVOLG,25.35,0, 
1268,3239-TPHPZ,20.05,12,264.55
1269,3261-CQXOL,25.45,71,1813.35
1270,3266-FTKHB,19.15,17,343.45
1271,3274-NSDWE,19.6,68,1441.65
1272,3279-DYZQM,19.45,71,1378.45
1273,3283-WCWXT,25.4,6,153.3
1274,3284-SVCRO,25.5,45,1121.05
1275,3308-DGHKL,19.3,69,1447.9
1276,3352-RICWQ,19.75,9,210.65
1277,3359-DSRKA,19.85,58,1158.85
1278,3373-DIUUN,21.25,30,711.9
1279,3389-KTRXV,23.85,23,625.65
1280,3451-VAWLI,19.7,35,730.4
1281,3454-JFUBC,20.0,68,1396
1282,3457-PQBYH,20.3,58,1160.75
1283,3458-IDMFK,20.75,25,499.4
1284,3460-TJBWI,24.2,24,609.05
1285,3472-QPRCH,25.25,40,1006.9
1286,3498-LZGQZ,19.15,63,1177.05
1287,3507-GASNP,19.95,60,1189.9
1288,3521-HTQTV,26.1,34,980.35
1289,3525-DVKFN,19.4,17,358.05
1290,3546-GHEAE,19.45,7,165.35
1291,3549-ZTMNH,24.0,12,269.65
1292,3580-GICBM,24.2,61,1445.2
1293,3612-YVGSJ,24.45,71,1681.6
1294,3620-EHIMZ,19.35,52,1031.7
1295,3635-QQRQD,20.05,62,1201.65
1296,3642-BYHDO,19.9,71,1389.35
1297,3646-ITDGM,19.7,56,1051.9
1298,3662-FXJFO,20.5,54,1035.7
1299,3678-MNGZX,19.95,68,1377.7
1300,3696-DFHHB,25.5,68,1821.8
1301,3717-FDJFU,20.45,5,106.9
1302,3719-TDVQB,18.95,54,1031.1
1303,3721-WKIIL,19.6,27,561.15
1304,3764-MNMOI,19.2,46,908.15
1305,3768-VHXQO,24.85,67,1583.5
1306,3769-MHZNV,20.1,33,670.35
1307,3774-VBNXY,20.2,64,1277.75
1308,3777-XROBG,19.55,58,1079.65
1309,3785-KTYSH,24.6,53,1279
1310,3810-PJUHR,25.35,70,1715.15
1311,3812-LRZIR,24.5,27,761.95
1312,3836-FZSDJ,24.85,71,1901
1313,3865-ZFZIB,19.65,19,358.15
1314,3873-WOSBC,25.6,67,1784.9
1315,3896-ZVNET,24.7,24,571.75
1316,3910-MRQOY,19.4,72,1496.45
1317,3913-RDSJZ,25.55,64,1714.95
1318,3957-SQXML,24.95,34,894.3
1319,3967-VQOGC,24.9,67,1680.25
1320,3970-XGJDU,19.2,62,1123.65
1321,3973-SKMLN,19.9,71,1355.1
1322,3976-HXHCE,19.3,72,1414.8
1323,3978-YNKDD,20.85,19,467.5
1324,3996-ZNWYK,19.8,71,1388.45
1325,4018-PPNDW,24.1,61,1551.6
1326,4086-WITJG,19.7,71,1301.1
1327,4176-RELJR,25.1,67,1672.15
1328,4193-IBKSW,24.75,72,1769.6
1329,4195-PNGZS,24.45,69,1718.2
1330,4213-HKBJO,25.7,33,826.1
1331,4231-LZUYM,25.65,72,1887
1332,4277-BWBML,19.95,72,1322.85
1333,4299-OPXEJ,19.55,56,1080.55
1334,4312-KFRXN,25.4,72,1710.9
1335,4335-BSMJS,25.8,62,1563.95
1336,4335-UPJSI,19.75,24,498.1
1337,4361-FEBGN,20.15,48,982.95
1338,4367-NUYAO,25.75,0, 
1339,4443-EMBNA,24.75,71,1836.9
1340,4452-ROHMO,19.6,15,331.6
1341,4458-KVRBJ,25.0,59,1510.5
1342,4475-NVTLU,19.2,45,903.7
1343,4521-WFJAI,25.95,56,1444.05
1344,4526-EXKKN,24.6,40,973.95
1345,4534-WGCIR,25.15,58,1509.9
1346,4565-NLZBV,24.65,71,1710.15
1347,4573-JKNAE,19.35,12,212.3
1348,4589-IUAJB,24.25,70,1724.15
1349,4609-KNNWG,19.9,27,550.1
1350,4625-LAMOB,20.4,44,905.55
1351,4625-XMOYM,26.25,72,1988.05
1352,4635-EJYPD,18.95,32,613.95
1353,4641-FROLU,19.3,30,602.9
1354,4652-ODEVH,24.45,45,1088.25
1355,4656-CAURT,23.95,69,1713.1
1356,4698-KVLLG,19.6,51,967.9
1357,4703-MQYKT,19.6,21,390.4
1358,4707-MAXGU,25.85,72,1872.2
1359,4735-BJKOU,20.15,40,804.85
1360,4742-TXUEX,19.3,47,890.5
1361,4774-HHGGS,19.05,30,637.55
1362,4779-ZGICK,23.55,48,1173.35
1363,4785-FCIFB,24.4,61,1417.9
1364,4804-NCPET,20.2,19,387.4
1365,4807-IZYOZ,20.65,51,1020.75
1366,4817-KEQSP,19.85,71,1326.35
1367,4821-WQOYN,20.1,72,1326.25
1368,4825-FUREZ,20.25,42,835.5
1369,4836-WNFNO,25.0,72,1849.2
1370,4878-BUNFV,20.7,42,828.85
1371,4883-KCPZJ,25.25,22,555.4
1372,4884-LEVMQ,20.45,39,790
1373,4896-CPRPF,25.45,35,809.25
1374,4933-BSAIP,19.1,40,780.1
1375,4950-HKQTE,26.25,22,605.9
1376,4957-SREEC,20.35,70,1458.1
1377,4979-HPRFL,24.15,56,1402.25
1378,4990-ALDGW,20.75,57,1118.8
1379,5006-MXVRN,20.7,39,762.45
1380,5014-GSOUQ,19.95,13,243.65
1381,5044-XDPYX,25.5,51,1281.25
1382,5057-RKGLH,20.35,9,191.1
1383,5063-IUOKK,19.75,13,265.75
1384,5075-JSDKI,24.45,59,1493.1
1385,5093-FEGLU,19.65,47,921.55
1386,5115-SQAAU,25.6,69,1673.4
1387,5124-EOGYE,20.45,31,638.55
1388,5146-YYFRZ,19.95,67,1311.75
1389,5148-HKFIR,19.7,20,406.95
1390,5158-RIVOP,20.9,11,202.3
1391,5171-EPLKN,19.85,27,470
1392,5176-LMJXE,20.55,47,945.7
1393,5197-YPYBZ,25.25,12,274.7
1394,5220-AGAAX,24.0,68,1664.3
1395,5231-FIQPA,19.85,41,810.45
1396,5242-UOWHD,20.35,45,929.2
1397,5249-QYHEX,24.8,40,1024.7
1398,5296-BFCYD,20.1,46,936.85
1399,5296-PSYVW,24.55,72,1750.7
1400,5310-NOOVA,19.95,46,907.05
1401,5322-ZSMZY,25.75,31,755.6
1402,5334-AFQJB,25.1,72,1789.9
1403,5346-BZCHP,19.4,69,1346.2
1404,5356-KZCKT,24.45,58,1513.6
1405,5406-KGRMX,24.55,71,1719.15
1406,5442-PPTJY,19.7,12,258.35
1407,5465-BUBFA,19.3,41,772.4
1408,5469-NUJUR,19.95,19,373.5
1409,5480-XTFFL,21.0,31,697.7
1410,5495-GPSRW,19.7,20,419.4
1411,5529-GIBVH,20.15,47,1046.2
1412,5542-NKVRU,20.75,42,844.45
1413,5549-ZGHFB,24.95,50,1261.45
1414,5567-GZKQY,20.3,58,1131.5
1415,5598-IKHQQ,25.45,72,1866.45
1416,5605-XNWEN,25.0,72,1802.55
1417,5622-UEJFI,25.4,35,949.8
1418,5647-URDKA,19.7,8,130.25
1419,5656-JAMLX,19.85,62,1253.65
1420,5666-MBJPT,25.1,65,1725
1421,5696-EXCYS,19.45,17,369.05
1422,5699-BNCAS,24.65,71,1766.75
1423,5726-CVNYA,19.85,8,146.6
1424,5730-DBDSI,19.7,66,1253.8
1425,5743-KHMNA,25.55,71,1898.1
1426,5787-KXGIY,19.3,72,1304.8
1427,5793-YOLJN,21.0,55,1210.3
1428,5799-JRCZO,19.5,63,1215.1
1429,5804-JMYIO,19.75,39,757.95
1430,5821-MMEIL,19.9,57,1115.6
1431,5845-BZZIB,20.1,35,655.3
1432,5846-ABOBJ,24.45,71,1730.65
1433,5848-FHRFC,20.05,68,1386.9
1434,5854-KSRBJ,25.4,70,1782.05
1435,5859-HZYLF,19.15,26,515.75
1436,5884-FBCTL,25.1,72,1857.85
1437,5893-KCLGT,19.75,72,1567
1438,5902-WBLSE,20.15,70,1411.2
1439,5939-SXWHM,26.3,48,1245.05
1440,5968-HYJRZ,24.55,47,1160.45
1441,5970-GHJAW,19.95,46,862.4
1442,5982-XMDEX,26.5,65,1698.55
1443,5995-LFTLE,25.3,58,1474.35
1444,6000-UKLWI,20.15,41,802.35
1445,6010-DDPPW,25.15,70,1940.85
1446,6024-RUGGH,25.2,72,1798.9
1447,6048-NJXHX,19.75,41,899.45
1448,6060-QBMGV,19.85,70,1433.8
1449,6080-LNESI,24.75,51,1234.6
1450,6134-KWTBV,23.4,62,1429.65
1451,6139-ZZRBQ,20.05,64,1198.05
1452,6169-PPETC,20.5,35,759.35
1453,6181-AXXYF,24.75,72,1859.1
1454,6199-IPCAO,26.1,29,692.55
1455,6217-KDYWC,19.6,57,1170.55
1456,6265-FRMTQ,20.4,31,609.1
1457,6285-FTQBF,25.55,72,1867.7
1458,6292-TOSSS,24.9,50,1195.25
1459,6323-AYBRX,19.35,59,1099.6
1460,6340-DACFT,20.55,50,1070.25
1461,6345-FZOQH,19.9,69,1363.45
1462,6349-JDHQP,19.85,53,1049.6
1463,6368-TZZDT,19.5,4,96.85
1464,6370-ZVHDV,25.3,61,1554.9
1465,6407-GSJNL,24.95,51,1288
1466,6425-JWTDV,19.25,48,855.1
1467,6479-SZPLM,19.45,36,754.5
1468,6484-LATFU,24.55,68,1657.4
1469,6485-QXWWE,26.0,62,1638.7
1470,6518-KZXCB,25.25,22,566.5
1471,6518-PPLMZ,19.4,53,1110.35
1472,6551-VLJMV,20.05,34,679
1473,6582-PLFUU,19.55,51,1086.75
1474,6585-WCEWR,20.35,72,1354.4
1475,6609-MXJHJ,25.1,30,789.55
1476,6614-YWYSC,25.0,61,1501.75
1477,6619-RPLQZ,20.85,45,892.15
1478,6621-NRZAK,20.0,63,1209.25
1479,6625-FLENO,20.75,58,1185.95
1480,6651-RLGGM,26.3,67,1688.9
1481,6685-XSHHU,20.95,60,1270.55
1482,6696-YDAYZ,20.5,16,290.55
1483,6698-OXETB,20.4,11,231.45
1484,6725-TPKJO,20.05,44,845.25
1485,6734-JDTTV,19.85,65,1267.05
1486,6734-PSBAW,23.55,72,1723.95
1487,6762-NSODU,19.4,46,958.15
1488,6770-UAYGJ,25.25,49,1211.65
1489,6813-GZQCG,24.65,45,1171.3
1490,6828-HMKWP,21.05,12,262.05
1491,6848-HJTXY,19.45,64,1208.6
1492,6855-VLGOS,20.55,72,1432.55
1493,6857-TKDJV,24.65,67,1620.45
1494,6892-BOGQE,20.9,71,1493.2
1495,6917-FIJHC,26.0,72,1776
1496,6923-AQONU,20.9,23,454
1497,6925-BAYGL,25.1,53,1275.6
1498,6928-ONTRW,19.7,72,1379.8
1499,6961-MJKBO,20.45,47,943
1500,6963-KQYQB,24.05,70,1764.75
1501,6976-BWGLQ,25.2,72,1787.35
1502,6980-IMXXE,20.2,69,1412.65
1503,7008-LZVOZ,25.3,66,1672.35
1504,7010-BRBUU,24.1,72,1734.65
1505,7014-ZZXAW,24.25,71,1732.95
1506,7033-CLAMM,20.2,48,1027.25
1507,7064-JHXCE,20.05,62,1263.9
1508,7083-MIOPC,20.25,72,1566.9
1509,7096-ZNBZI,26.45,72,1914.5
1510,7114-AEOZE,19.85,60,1128.1
1511,7115-IRDHS,24.65,72,1830.05
1512,7157-SMCFK,19.75,61,1124.2
1513,7161-DFHUF,23.85,71,1672.1
1514,7167-PCEYD,19.8,67,1311.3
1515,7196-LIWRH,19.55,6,124.45
1516,7205-BAIAD,20.6,40,827.3
1517,7225-IILWY,25.75,68,1686.15
1518,7242-EDTYC,19.55,44,819.95
1519,7267-FRMJW,20.1,25,486.05
1520,7268-WNTCP,20.45,62,1297.35
1521,7277-KAMWT,20.0,13,268.45
1522,7293-LSCDV,19.25,60,1103.25
1523,7321-KKSDU,20.5,32,696.8
1524,7328-ZJAJO,19.5,59,1222.65
1525,7337-CINUD,19.5,8,159.35
1526,7416-CKTEP,19.6,57,1134.25
1527,7427-AUFPY,19.65,54,1008.7
1528,7463-IFMQU,20.05,72,1423.65
1529,7469-LKBCI,18.95,16,326.8
1530,7473-ZBDSN,18.8,14,255.55
1531,7480-SPLEF,26.0,69,1796.55
1532,7493-GVFIO,20.55,57,1252.85
1533,7503-EPSZW,24.05,64,1559.15
1534,7515-LODFU,20.3,69,1356.3
1535,7527-QNRUS,25.15,17,412.6
1536,7552-KEYGT,19.55,27,520.55
1537,7554-NEWDD,25.7,10,251.6
1538,7558-IMLMT,20.8,67,1411.9
1539,7596-IIWYC,20.25,27,538.2
1540,7601-DHFWZ,24.0,48,1183.05
1541,7601-GNDYK,19.6,35,686.95
1542,7602-DBTOU,19.6,71,1416.5
1543,7606-BPHHN,19.8,72,1468.75
1544,7608-RGIRO,24.4,62,1413
1545,7634-HLQJR,20.05,47,1016.7
1546,7643-RCHXS,19.35,63,1263.85
1547,7644-OMVMY,19.85,0, 
1548,7647-GYYKX,20.35,54,1092.35
1549,7673-BQGKU,20.15,69,1337.5
1550,7684-XSZIY,24.3,72,1643.25
1551,7695-PKLCZ,20.5,68,1424.9
1552,7696-CFTAT,19.8,37,726.1
1553,7711-GQBZC,24.7,71,1810.55
1554,7717-BICXI,20.55,60,1205.05
1555,7729-XBTWX,19.75,66,1344.5
1556,7799-LGRDP,25.7,43,1188.2
1557,7815-PDTHL,20.2,35,684.4
1558,7850-THJMU,19.65,26,494.9
1559,7876-DNYAP,19.8,69,1436.95
1560,7941-RCJOW,19.55,65,1218.65
1561,7945-PRBVF,21.45,35,705.45
1562,7951-QKZPL,24.5,33,740.3
1563,7969-FFOWG,19.9,65,1292.6
1564,7977-HXJKU,19.6,21,397
1565,7980-MHFLQ,24.9,72,1859.2
1566,7996-BPXHY,25.0,13,332.5
1567,7996-MHXLW,25.15,66,1683.6
1568,8007-YYPWD,25.05,15,369.1
1569,8028-PNXHQ,24.25,62,1424.6
1570,8043-PNYSD,19.55,63,1245.6
1571,8067-NIOYM,21.1,24,490.65
1572,8092-NLTGF,24.75,72,1777.6
1573,8098-TDCBU,25.25,42,1108.2
1574,8129-GMVGI,20.05,56,1090.1
1575,8143-ETQTI,19.65,23,451.55
1576,8148-NLEGT,22.95,42,1014.25
1577,8148-WOCMK,19.6,8,125
1578,8164-OCKUJ,20.6,59,1286
1579,8165-ZJRNM,23.75,72,1679.25
1580,8173-RXAYP,19.7,24,452.55
1581,8174-LNWMW,20.9,31,689.35
1582,8207-VVMYB,26.0,70,2006.95
1583,8215-NGSPE,20.0,42,833.55
1584,8219-VYBVI,25.0,39,1004.35
1585,8224-KDLKN,25.0,72,1738.9
1586,8229-BUJHX,20.5,71,1500.95
1587,8232-UTFOZ,19.95,69,1399.35
1588,8234-GSZYK,26.45,43,1110.05
1589,8237-ULIXL,24.85,72,1871.85
1590,8285-ABVLB,19.85,70,1328.35
1591,8292-ITGYJ,24.65,45,1138.8
1592,8314-HTWVE,19.85,7,144.15
1593,8347-GDTMP,19.45,64,1225.65
1594,8361-LBRDI,24.35,58,1423.85
1595,8380-MQINP,20.3,55,1079.05
1596,8388-DMKAE,20.25,8,174.65
1597,8402-OOOHJ,20.65,41,835.15
1598,8434-VGEQQ,20.55,61,1305.95
1599,8441-SHIPE,25.6,67,1790.35
1600,8450-LUGUK,24.1,37,861.85
1601,8464-EETCQ,18.8,57,1094.35
1602,8514-VZHEB,19.5,59,1147.85
1603,8515-OCTJS,24.75,25,692.1
1604,8532-UEFWH,25.75,52,1345.85
1605,8540-ZQGEA,20.05,54,1102.4
1606,8544-JNBOX,20.8,72,1521.2
1607,8559-WNQZS,20.45,1,20.45
1608,8577-QSOCG,20.2,38,746.05
1609,8606-OEGQZ,25.3,18,454.65
1610,8612-GXIDD,25.4,12,313
1611,8626-XHBIE,24.8,56,1424.2
1612,8701-DGLVH,20.45,51,1042.65
1613,8711-LOBKY,19.85,59,1188.25
1614,8727-JQFHV,20.75,57,1123.15
1615,8735-SDUFN,24.3,72,1778.7
1616,8747-UDCOI,19.35,65,1319.95
1617,8749-TZYEC,24.8,72,1874.3
1618,8750-QWZAJ,19.8,70,1378.75
1619,8755-OGKNA,19.5,57,1167.6
1620,8774-GSBUN,25.4,72,1797.1
1621,8780-IHCRN,24.65,63,1574.5
1622,8807-OPMBM,25.65,55,1388
1623,8838-GPHZP,20.6,63,1298.7
1624,8857-CUPFQ,19.25,63,1237.65
1625,8859-AXJZP,23.8,39,903.8
1626,8859-DZTGQ,20.35,33,689.75
1627,8874-EJNSR,25.2,39,987.95
1628,8896-RAZCR,19.9,44,868.1
1629,8908-SLFCJ,20.85,21,435.25
1630,8917-FAEMR,19.85,37,784.25
1631,8917-SZTTJ,19.65,60,1161.75
1632,8922-NPKBJ,19.35,42,867.3
1633,8946-BFWSG,25.25,63,1573.05
1634,8957-THMOA,20.15,50,970.85
1635,8966-KZXXA,25.1,36,930.95
1636,8966-SNIZF,19.45,70,1303.5
1637,8999-EXMNO,20.15,19,387.7
1638,9030-QGZNL,20.85,8,161.65
1639,9068-FHQHD,20.15,40,777.35
1640,9081-WWXKP,20.25,47,873.4
1641,9084-OAYKL,20.8,58,1212.25
1642,9087-EYCPR,25.0,60,1505.05
1643,9108-EQPNQ,26.1,10,225.55
1644,9135-HSWOC,19.7,64,1274.05
1645,9150-KPBJQ,19.65,6,116.85
1646,9153-BTBVV,25.0,71,1753
1647,9173-IVZVP,20.9,53,1146.05
1648,9178-JHUVJ,24.1,24,587.4
1649,9227-UAQFT,19.75,16,284.35
1650,9251-AWQGT,20.0,48,935.9
1651,9257-AZMTZ,20.1,52,1078.75
1652,9337-SRRNI,25.3,66,1673.8
1653,9350-ZXYJC,25.3,4,116.95
1654,9365-CSLBQ,24.35,71,1654.6
1655,9371-BITHB,19.85,52,1070.5
1656,9385-EHGDO,19.85,35,739.35
1657,9392-XBGTD,20.6,27,581.85
1658,9397-TZSHA,24.6,69,1678.05
1659,9418-RUKPH,19.95,38,756.4
1660,9424-CMPOG,19.6,9,197.4
1661,9430-NKQLY,25.1,72,1790.8
1662,9500-WBGRP,19.1,69,1268.85
1663,9504-YAZWB,20.25,53,1048.45
1664,9507-HSMMZ,20.0,54,1149.65
1665,9537-JALFH,19.9,69,1356.7
1666,9548-LERKT,19.75,24,483.15
1667,9565-AXSMR,19.2,52,1054.75
1668,9574-BOSMD,25.4,68,1620.2
1669,9585-KKMFD,20.0,41,879.8
1670,9588-YRFHY,19.9,49,1022.6
1671,9593-CVZKR,24.45,56,1385.85
1672,9624-EGDEQ,19.8,37,813.3
1673,9625-RZFUK,19.7,63,1275.85
1674,9631-RXVJM,19.25,35,677.9
1675,9646-NMHXE,19.65,47,973.1
1676,9648-BCHKM,24.65,18,471.35
1677,9650-VBUOG,25.05,38,963.95
1678,9661-JALZV,24.7,58,1519
1679,9668-PUGNU,24.5,71,1816.2
1680,9710-NJERN,20.15,39,826
1681,9717-IOAAF,25.85,27,788.55
1682,9764-REAFF,18.4,59,1057.85
1683,9798-OPFEM,21.1,46,937.1
1684,9800-OUIGR,20.0,66,1374.2
1685,9814-AOUDH,19.5,53,1050.5
1686,9838-BFCQT,26.1,72,1851.45
1687,9916-AYHTC,19.85,48,916
1688,9938-PRCVK,19.7,41,804.25
1689,9945-PSVIP,18.7,25,383.65
1690,9950-MTGYX,20.3,28,487.95
1691,9953-ZMKSM,25.25,63,1559.3
1692,9964-WBQDJ,24.4,71,1725.4
1693,9972-EWRJS,19.25,67,1372.9
1694,9975-GPKZU,19.75,46,856.5
